Workbook

Sheet Sheet1
A1: 1 | B1: 2 | C1: 3 | D1: 4 | E1: 5 | F1: 6 | G1: 7 | H1: 8 | I1: 类型 | J1: 类型1 | K1: 类型2 | L1: 类型3 | M1: 类型4
A2: =VLOOKUP($I2, Sheet2!$A$1:$I$6, 2) -> 207 | B2: =VLOOKUP($I2, Sheet2!$A$1:$I$6, 3) -> 621 | C2: =VLOOKUP($I2, Sheet2!$A$1:$I$6, 4) -> 770.38863 | D2: =VLOOKUP($I2, Sheet2!$A$1:$I$6, 5) -> 1176.2512 | E2: =VLOOKUP($I2, Sheet2!$A$1:$I$6, 6) -> 1323.8 | F2: =VLOOKUP($I2, Sheet2!$A$1:$I$6, 7) -> 1926.6667 | G2: =VLOOKUP($I2, Sheet2!$A$1:$I$6, 8) -> 2111.6667 | H2: =VLOOKUP($I2, Sheet2!$A$1:$I$6, 9) -> 2715.9 | I2: 6 | J2: 0 | K2: =VLOOKUP(I2, Sheet5!$A$1:$D$6, 2) -> 3 | L2: =VLOOKUP(I2, Sheet5!$A$1:$D$6, 3) -> 2 | M2: =VLOOKUP(I2, Sheet5!$A$1:$D$6, 4) -> 1
A3: =VLOOKUP($I3, Sheet2!$A$1:$I$6, 2) -> 126.33333 | B3: =VLOOKUP($I3, Sheet2!$A$1:$I$6, 3) -> 379 | C3: =VLOOKUP($I3, Sheet2!$A$1:$I$6, 4) -> 707.66667 | D3: =VLOOKUP($I3, Sheet2!$A$1:$I$6, 5) -> 1322.76 | E3: =VLOOKUP($I3, Sheet2!$A$1:$I$6, 6) -> 1626.0403 | F3: =VLOOKUP($I3, Sheet2!$A$1:$I$6, 7) -> 2059.5687 | G3: =VLOOKUP($I3, Sheet2!$A$1:$I$6, 8) -> 2571.5209 | H3: =VLOOKUP($I3, Sheet2!$A$1:$I$6, 9) -> 3031.7829 | I3: 2 | J3: 0 | K3: =VLOOKUP(I3, Sheet5!$A$1:$D$6, 2) -> 1 | L3: =VLOOKUP(I3, Sheet5!$A$1:$D$6, 3) -> 3 | M3: =VLOOKUP(I3, Sheet5!$A$1:$D$6, 4) -> 2
A4: =VLOOKUP($I4, Sheet2!$A$1:$I$6, 2) -> 207 | B4: =VLOOKUP($I4, Sheet2!$A$1:$I$6, 3) -> 621 | C4: =VLOOKUP($I4, Sheet2!$A$1:$I$6, 4) -> 770.38863 | D4: =VLOOKUP($I4, Sheet2!$A$1:$I$6, 5) -> 1176.2512 | E4: =VLOOKUP($I4, Sheet2!$A$1:$I$6, 6) -> 1323.8 | F4: =VLOOKUP($I4, Sheet2!$A$1:$I$6, 7) -> 1926.6667 | G4: =VLOOKUP($I4, Sheet2!$A$1:$I$6, 8) -> 2111.6667 | H4: =VLOOKUP($I4, Sheet2!$A$1:$I$6, 9) -> 2715.9 | I4: 6 | J4: 0 | K4: =VLOOKUP(I4, Sheet5!$A$1:$D$6, 2) -> 3 | L4: =VLOOKUP(I4, Sheet5!$A$1:$D$6, 3) -> 2 | M4: =VLOOKUP(I4, Sheet5!$A$1:$D$6, 4) -> 1
A5: =VLOOKUP($I5, Sheet2!$A$1:$I$6, 2) -> 126.33333 | B5: =VLOOKUP($I5, Sheet2!$A$1:$I$6, 3) -> 379 | C5: =VLOOKUP($I5, Sheet2!$A$1:$I$6, 4) -> 740.11111 | D5: =VLOOKUP($I5, Sheet2!$A$1:$I$6, 5) -> 1384.5667 | E5: =VLOOKUP($I5, Sheet2!$A$1:$I$6, 6) -> 1834.6884 | F5: =VLOOKUP($I5, Sheet2!$A$1:$I$6, 7) -> 2483.0465 | G5: =VLOOKUP($I5, Sheet2!$A$1:$I$6, 8) -> 2813.8448 | H5: =VLOOKUP($I5, Sheet2!$A$1:$I$6, 9) -> 3380.5735 | I5: 1 | J5: 0 | K5: =VLOOKUP(I5, Sheet5!$A$1:$D$6, 2) -> 1 | L5: =VLOOKUP(I5, Sheet5!$A$1:$D$6, 3) -> 2 | M5: =VLOOKUP(I5, Sheet5!$A$1:$D$6, 4) -> 3
A6: =VLOOKUP($I6, Sheet2!$A$1:$I$6, 2) -> 169.66667 | B6: =VLOOKUP($I6, Sheet2!$A$1:$I$6, 3) -> 509 | C6: =VLOOKUP($I6, Sheet2!$A$1:$I$6, 4) -> 755.94884 | D6: =VLOOKUP($I6, Sheet2!$A$1:$I$6, 5) -> 1359.938 | E6: =VLOOKUP($I6, Sheet2!$A$1:$I$6, 6) -> 1785.8889 | F6: =VLOOKUP($I6, Sheet2!$A$1:$I$6, 7) -> 2576.7533 | G6: =VLOOKUP($I6, Sheet2!$A$1:$I$6, 8) -> 2990.5498 | H6: =VLOOKUP($I6, Sheet2!$A$1:$I$6, 9) -> 3453.5261 | I6: 3 | J6: 0 | K6: =VLOOKUP(I6, Sheet5!$A$1:$D$6, 2) -> 2 | L6: =VLOOKUP(I6, Sheet5!$A$1:$D$6, 3) -> 1 | M6: =VLOOKUP(I6, Sheet5!$A$1:$D$6, 4) -> 3
A7: =VLOOKUP($I7, Sheet2!$A$1:$I$6, 2) -> 169.66667 | B7: =VLOOKUP($I7, Sheet2!$A$1:$I$6, 3) -> 509 | C7: =VLOOKUP($I7, Sheet2!$A$1:$I$6, 4) -> 755.94884 | D7: =VLOOKUP($I7, Sheet2!$A$1:$I$6, 5) -> 1359.938 | E7: =VLOOKUP($I7, Sheet2!$A$1:$I$6, 6) -> 1785.8889 | F7: =VLOOKUP($I7, Sheet2!$A$1:$I$6, 7) -> 2576.7533 | G7: =VLOOKUP($I7, Sheet2!$A$1:$I$6, 8) -> 2990.5498 | H7: =VLOOKUP($I7, Sheet2!$A$1:$I$6, 9) -> 3453.5261 | I7: 3 | J7: 0 | K7: =VLOOKUP(I7, Sheet5!$A$1:$D$6, 2) -> 2 | L7: =VLOOKUP(I7, Sheet5!$A$1:$D$6, 3) -> 1 | M7: =VLOOKUP(I7, Sheet5!$A$1:$D$6, 4) -> 3
A8: =VLOOKUP($I8, Sheet2!$A$1:$I$6, 2) -> 126.33333 | B8: =VLOOKUP($I8, Sheet2!$A$1:$I$6, 3) -> 379 | C8: =VLOOKUP($I8, Sheet2!$A$1:$I$6, 4) -> 740.11111 | D8: =VLOOKUP($I8, Sheet2!$A$1:$I$6, 5) -> 1384.5667 | E8: =VLOOKUP($I8, Sheet2!$A$1:$I$6, 6) -> 1834.6884 | F8: =VLOOKUP($I8, Sheet2!$A$1:$I$6, 7) -> 2483.0465 | G8: =VLOOKUP($I8, Sheet2!$A$1:$I$6, 8) -> 2813.8448 | H8: =VLOOKUP($I8, Sheet2!$A$1:$I$6, 9) -> 3380.5735 | I8: 1 | J8: 0 | K8: =VLOOKUP(I8, Sheet5!$A$1:$D$6, 2) -> 1 | L8: =VLOOKUP(I8, Sheet5!$A$1:$D$6, 3) -> 2 | M8: =VLOOKUP(I8, Sheet5!$A$1:$D$6, 4) -> 3
A9: =VLOOKUP($I9, Sheet2!$A$1:$I$6, 2) -> 207 | B9: =VLOOKUP($I9, Sheet2!$A$1:$I$6, 3) -> 621 | C9: =VLOOKUP($I9, Sheet2!$A$1:$I$6, 4) -> 770.38863 | D9: =VLOOKUP($I9, Sheet2!$A$1:$I$6, 5) -> 1176.2512 | E9: =VLOOKUP($I9, Sheet2!$A$1:$I$6, 6) -> 1323.8 | F9: =VLOOKUP($I9, Sheet2!$A$1:$I$6, 7) -> 1926.6667 | G9: =VLOOKUP($I9, Sheet2!$A$1:$I$6, 8) -> 2111.6667 | H9: =VLOOKUP($I9, Sheet2!$A$1:$I$6, 9) -> 2715.9 | I9: 6 | J9: 0 | K9: =VLOOKUP(I9, Sheet5!$A$1:$D$6, 2) -> 3 | L9: =VLOOKUP(I9, Sheet5!$A$1:$D$6, 3) -> 2 | M9: =VLOOKUP(I9, Sheet5!$A$1:$D$6, 4) -> 1
A10: =VLOOKUP($I10, Sheet2!$A$1:$I$6, 2) -> 169.66667 | B10: =VLOOKUP($I10, Sheet2!$A$1:$I$6, 3) -> 509 | C10: =VLOOKUP($I10, Sheet2!$A$1:$I$6, 4) -> 755.94884 | D10: =VLOOKUP($I10, Sheet2!$A$1:$I$6, 5) -> 1359.938 | E10: =VLOOKUP($I10, Sheet2!$A$1:$I$6, 6) -> 1785.8889 | F10: =VLOOKUP($I10, Sheet2!$A$1:$I$6, 7) -> 2576.7533 | G10: =VLOOKUP($I10, Sheet2!$A$1:$I$6, 8) -> 2990.5498 | H10: =VLOOKUP($I10, Sheet2!$A$1:$I$6, 9) -> 3453.5261 | I10: 3 | J10: 0 | K10: =VLOOKUP(I10, Sheet5!$A$1:$D$6, 2) -> 2 | L10: =VLOOKUP(I10, Sheet5!$A$1:$D$6, 3) -> 1 | M10: =VLOOKUP(I10, Sheet5!$A$1:$D$6, 4) -> 3
A11: =VLOOKUP($I11, Sheet2!$A$1:$I$6, 2) -> 126.33333 | B11: =VLOOKUP($I11, Sheet2!$A$1:$I$6, 3) -> 379 | C11: =VLOOKUP($I11, Sheet2!$A$1:$I$6, 4) -> 740.11111 | D11: =VLOOKUP($I11, Sheet2!$A$1:$I$6, 5) -> 1384.5667 | E11: =VLOOKUP($I11, Sheet2!$A$1:$I$6, 6) -> 1834.6884 | F11: =VLOOKUP($I11, Sheet2!$A$1:$I$6, 7) -> 2483.0465 | G11: =VLOOKUP($I11, Sheet2!$A$1:$I$6, 8) -> 2813.8448 | H11: =VLOOKUP($I11, Sheet2!$A$1:$I$6, 9) -> 3380.5735 | I11: 1 | J11: 0 | K11: =VLOOKUP(I11, Sheet5!$A$1:$D$6, 2) -> 1 | L11: =VLOOKUP(I11, Sheet5!$A$1:$D$6, 3) -> 2 | M11: =VLOOKUP(I11, Sheet5!$A$1:$D$6, 4) -> 3
A12: =VLOOKUP($I12, Sheet2!$A$1:$I$6, 2) -> 207 | B12: =VLOOKUP($I12, Sheet2!$A$1:$I$6, 3) -> 621 | C12: =VLOOKUP($I12, Sheet2!$A$1:$I$6, 4) -> 770.38863 | D12: =VLOOKUP($I12, Sheet2!$A$1:$I$6, 5) -> 1176.2512 | E12: =VLOOKUP($I12, Sheet2!$A$1:$I$6, 6) -> 1323.8 | F12: =VLOOKUP($I12, Sheet2!$A$1:$I$6, 7) -> 1926.6667 | G12: =VLOOKUP($I12, Sheet2!$A$1:$I$6, 8) -> 2111.6667 | H12: =VLOOKUP($I12, Sheet2!$A$1:$I$6, 9) -> 2715.9 | I12: 6 | J12: 0 | K12: =VLOOKUP(I12, Sheet5!$A$1:$D$6, 2) -> 3 | L12: =VLOOKUP(I12, Sheet5!$A$1:$D$6, 3) -> 2 | M12: =VLOOKUP(I12, Sheet5!$A$1:$D$6, 4) -> 1
A13: =VLOOKUP($I13, Sheet2!$A$1:$I$6, 2) -> 207 | B13: =VLOOKUP($I13, Sheet2!$A$1:$I$6, 3) -> 621 | C13: =VLOOKUP($I13, Sheet2!$A$1:$I$6, 4) -> 709.79621 | D13: =VLOOKUP($I13, Sheet2!$A$1:$I$6, 5) -> 1111.4171 | E13: =VLOOKUP($I13, Sheet2!$A$1:$I$6, 6) -> 1345.2222 | F13: =VLOOKUP($I13, Sheet2!$A$1:$I$6, 7) -> 1891.1333 | G13: =VLOOKUP($I13, Sheet2!$A$1:$I$6, 8) -> 2310.6465 | H13: =VLOOKUP($I13, Sheet2!$A$1:$I$6, 9) -> 2861.9806 | I13: 5 | J13: 0 | K13: =VLOOKUP(I13, Sheet5!$A$1:$D$6, 2) -> 3 | L13: =VLOOKUP(I13, Sheet5!$A$1:$D$6, 3) -> 1 | M13: =VLOOKUP(I13, Sheet5!$A$1:$D$6, 4) -> 2
... A68: =VLOOKUP($I68, Sheet2!$A$1:$I$6, 2) -> 169.66667 | B68: =VLOOKUP($I68, Sheet2!$A$1:$I$6, 3) -> 509 | C68: =VLOOKUP($I68, Sheet2!$A$1:$I$6, 4) -> 755.94884 | D68: =VLOOKUP($I68, Sheet2!$A$1:$I$6, 5) -> 1359.938 | E68: =VLOOKUP($I68, Sheet2!$A$1:$I$6, 6) -> 1785.8889 | F68: =VLOOKUP($I68, Sheet2!$A$1:$I$6, 7) -> 2576.7533 | G68: =VLOOKUP($I68, Sheet2!$A$1:$I$6, 8) -> 2990.5498 | H68: =VLOOKUP($I68, Sheet2!$A$1:$I$6, 9) -> 3453.5261 | I68: 3 | J68: 0 | K68: =VLOOKUP(I68, Sheet5!$A$1:$D$6, 2) -> 2 | L68: =VLOOKUP(I68, Sheet5!$A$1:$D$6, 3) -> 1 | M68: =VLOOKUP(I68, Sheet5!$A$1:$D$6, 4) -> 3

Sheet Sheet2
A1: 1 | B1: 126.33333 | C1: 379 | D1: 740.11111 | E1: 1384.5667 | F1: 1834.6884 | G1: 2483.0465 | H1: 2813.8448 | I1: 3380.5735 | L1: 1 | M1: 2 | N1: 3 | Q1: 1 | R1: 126.33333 | S1: 379 | T1: 870.11111 | U1: 1314.5667 | V1: 2064.6884 | W1: 2313.0465 | X1: 2943.8448 | Y1: 3310.5735
A2: 2 | B2: 126.33333 | C2: 379 | D2: 707.66667 | E2: 1322.76 | F2: 1626.0403 | G2: 2059.5687 | H2: 2571.5209 | I2: 3031.7829 | L2: 1 | M2: 3 | N2: 2 | Q2: 2 | R2: 126.33333 | S2: 379 | T2: 837.66667 | U2: 1252.76 | V2: 1756.0403 | W2: 1989.5687 | X2: 2701.5209 | Y2: 2961.7829
A3: 3 | B3: 169.66667 | C3: 509 | D3: 755.94884 | E3: 1359.938 | F3: 1785.8889 | G3: 2576.7533 | H3: 2990.5498 | I3: 3453.5261 | L3: 2 | M3: 1 | N3: 3 | Q3: 3 | R3: 169.66667 | S3: 509 | T3: 985.94884 | U3: 1189.938 | V3: 1915.8889 | W3: 2506.7533 | X3: 3120.5498 | Y3: 3383.5261
A4: 4 | B4: 169.66667 | C4: 509 | D4: 1007.1302 | E4: 1475.7791 | F4: 1820.7547 | G4: 2324.4787 | H4: 2593.2222 | I4: 3095.6933 | L4: 2 | M4: 3 | N4: 1 | Q4: 4 | R4: 169.66667 | S4: 509 | T4: 1137.1302 | U4: 1405.7791 | V4: 1950.7547 | W4: 2254.4787 | X4: 2723.2222 | Y4: 3025.6933
A5: 5 | B5: 207 | C5: 621 | D5: 709.79621 | E5: 1111.4171 | F5: 1345.2222 | G5: 1891.1333 | H5: 2310.6465 | I5: 2861.9806 | L5: 3 | M5: 1 | N5: 2 | Q5: 5 | R5: 207 | S5: 621 | T5: 859.79621 | U5: 1021.4171 | V5: 1475.2222 | W5: 1821.1333 | X5: 2540.6465 | Y5: 2791.9806
A6: 6 | B6: 207 | C6: 621 | D6: 770.38863 | E6: 1176.2512 | F6: 1323.8 | G6: 1926.6667 | H6: 2111.6667 | I6: 2715.9 | L6: 3 | M6: 2 | N6: 1 | Q6: 6 | R6: 207 | S6: 621 | T6: 910.38863 | U6: 1106.2512 | V6: 1573.8 | W6: 1736.6667 | X6: 2241.6667 | Y6: 2645.9
A9: 施工区起点对应比例 | D9: =D13/D$17 -> 0.44444444 | E9: =E13/E$17 -> 0.63255814 | F9: =F13/F$17 -> 0.50592417 | Y9: 130 | Z9: 70
A10: 施工区长度对应比例 | D10: =D14/D$17 -> 0.40222222 | E10: =E14/E$17 -> 0.27054264 | F10: =F14/F$17 -> 0.34241706
A11: 施工区结束后长度对应比例 | D11: =D15/D$17 -> 0.15333333 | E11: =E15/E$17 -> 0.096899225 | F11: =F15/F$17 -> 0.15165877 | R11: 870.11111 | S11: 1314.5667 | T11: 2064.6884 | U11: 2313.0465 | V11: 2943.8448 | W11: 3310.5735 | Y11: =R11-$Y$9 -> 740.11111 | Z11: =S11+$Z$9 -> 1384.5667 | AA11: =T11-$Y$9 -> 1934.6884 | AB11: =U11+$Z$9 -> 2383.0465 | AC11: =V11-$Y$9 -> 2813.8448 | AD11: =W11+$Z$9 -> 3380.5735
R12: 837.66667 | S12: 1252.76 | T12: 1756.0403 | U12: 1989.5687 | V12: 2701.5209 | W12: 2961.7829 | Y12: =R12-$Y$9 -> 707.66667 | Z12: =S12+$Z$9 -> 1322.76 | AA12: =T12-$Y$9 -> 1626.0403 | AB12: =U12+$Z$9 -> 2059.5687 | AC12: =V12-$Y$9 -> 2571.5209 | AD12: =W12+$Z$9 -> 3031.7829
A13: silab里的施工区起点 | D13: 400 | E13: 816 | F13: 427 | R13: 985.94884 | S13: 1189.938 | T13: 1915.8889 | U13: 2506.7533 | V13: 3120.5498 | W13: 3383.5261 | Y13: =R13-$Y$9 -> 855.94884 | Z13: =S13+$Z$9 -> 1259.938 | AA13: =T13-$Y$9 -> 1785.8889 | AB13: =U13+$Z$9 -> 2576.7533 | AC13: =V13-$Y$9 -> 2990.5498 | AD13: =W13+$Z$9 -> 3453.5261
A14: silab里的施工区长度 | D14: =D17-D13-D15 -> 362 | E14: =E17-E13-E15 -> 349 | F14: =F17-F13-F15 -> 289 | R14: 1137.1302 | S14: 1405.7791 | T14: 1950.7547 | U14: 2254.4787 | V14: 2723.2222 | W14: 3025.6933 | Y14: =R14-$Y$9 -> 1007.1302 | Z14: =S14+$Z$9 -> 1475.7791 | AA14: =T14-$Y$9 -> 1820.7547 | AB14: =U14+$Z$9 -> 2324.4787 | AC14: =V14-$Y$9 -> 2593.2222 | AD14: =W14+$Z$9 -> 3095.6933
A15: silab里的施工区结束后长度 | C15: 303 | D15: 138 | E15: 125 | F15: 128 | R15: 859.79621 | S15: 1021.4171 | T15: 1475.2222 | U15: 1821.1333 | V15: 2540.6465 | W15: 2791.9806 | Y15: =R15-$Y$9 -> 729.79621 | Z15: =S15+$Z$9 -> 1091.4171 | AA15: =T15-$Y$9 -> 1345.2222 | AB15: =U15+$Z$9 -> 1891.1333 | AC15: =V15-$Y$9 -> 2410.6465 | AD15: =W15+$Z$9 -> 2861.9806
A16: silab里的施工区长度 | C16: 自由路段 | D16: 标准施工区 | E16: 占一还一 | F16: 占而不还 | R16: 910.38863 | S16: 1106.2512 | T16: 1573.8 | U16: 1736.6667 | V16: 2241.6667 | W16: 2645.9 | Y16: =R16-$Y$9 -> 780.38863 | Z16: =S16+$Z$9 -> 1176.2512 | AA16: =T16-$Y$9 -> 1443.8 | AB16: =U16+$Z$9 -> 1806.6667 | AC16: =V16-$Y$9 -> 2111.6667 | AD16: =W16+$Z$9 -> 2715.9
A17: silab里的分段总长 | C17: 455 | D17: 900 | E17: 1290 | F17: 844 | G17: =SUM(C17:F17) -> 3489 | H17: 2789
A18: 施工区顺序 | B18: 总长 | C18: 编号 | D18: 自由路段与第一个施工区交界 | E18: 第一个和第二个交界 | F18: 第二个和第三个交界 | G18: 最后
A19: 012 | B19: 3473 | C19: 1 | D19: 379 | E19: 1484 | F19: 2402 | G19: 3473
A20: 021 | B20: 3055 | C20: 2 | D20: 379 | E20: 1411 | F20: 2093 | G20: 3055
A21: 102 | B21: 3500 | C21: 3 | D21: 509 | E21: 1263 | F21: 2732 | G21: 3500
A22: 120 | B22: 3141 | C22: 4 | D22: 509 | E22: 1502 | F22: 2389 | G22: 3141
A23: 201 | B23: 2882 | C23: 5 | D23: 621 | E23: 1093 | F23: 1953 | G23: 2882
A24: 210 | B24: 2800 | C24: 6 | D24: 621 | E24: 1193 | F24: 1795 | G24: 2800
B31: =C1-B1 -> 252.66667 | D31: =E1-D1 -> 644.45556 | F31: =G1-F1 -> 648.35814 | H31: =I1-H1 -> 566.72867
B32: =C2-B2 -> 252.66667 | D32: =E2-D2 -> 615.09333 | F32: =G2-F2 -> 433.52844 | H32: =I2-H2 -> 460.26202
B33: =C3-B3 -> 339.33333 | D33: =E3-D3 -> 603.98915 | F33: =G3-F3 -> 790.86444 | H33: =I3-H3 -> 462.9763
B34: =C4-B4 -> 339.33333 | D34: =E4-D4 -> 468.64884 | F34: =G4-F4 -> 503.72393 | H34: =I4-H4 -> 502.47111
B35: =C5-B5 -> 414 | D35: =E5-D5 -> 401.62085 | F35: =G5-F5 -> 545.91111 | H35: =I5-H5 -> 551.33411
B36: =C6-B6 -> 414 | D36: =E6-D6 -> 405.86256 | F36: =G6-F6 -> 602.86667 | H36: =I6-H6 -> 604.23333

Sheet Sheet3
A1: 0 | D1: 1 | G1: 2 | J1: 3
A2: 自由路段 | D2: 标准施工区 | G2: 占一还一 | J2: 占而不还
A4: 126.33333 | B4: 379 | D4: 870.11111 | E4: 1314.5667 | G4: 2064.6884 | H4: 2313.0465 | J4: 2943.8448 | K4: 3310.5735
B5: =B4-A4 -> 252.66667 | E5: =E4-D4 -> 444.45556 | H5: =H4-G4 -> 248.35814 | K5: =K4-J4 -> 366.72867
C7: 自由路段与第一个施工区交界 | F7: 第一个和第二个交界 | I7: 第二个和第三个交界 | L7: 最后
C8: 379 | F8: 1484 | I8: 2402 | L8: 3473
A14: 标准施工区
B15: 870.11111 | C15: 1314.5667
A16: 379 | D16: 1484
A17: 0 | B17: 1 | C17: 2 | D17: 3 | E17: 4 | F17: 5 | G17: 5.5 | H17: 6 | I17: 7 | J17: 8 | K17: 9
A18: 3 | B18: 3 | C18: 3 | D18: 4 | E18: 3 | F18: 3.5 | G18: 7 | H18: 11 | I18: 5 | J18: 5 | K18: 3
A20: 占一还一
B21: 2064.6884 | C21: 2313.0465
A22: 1484 | D22: 2402
A24: 0 | B24: 1 | C24: 2 | D24: 3 | E24: 4 | F24: 5 | G24: 6 | H24: 7 | I24: 8 | J24: 8.8 | K24: 9.5 | L24: 10 | M24: 11 | N24: 12 | O24: 13
A25: 3 | B25: 3 | C25: 3 | D25: 3 | E25: 3 | F25: 3.2 | G25: 4 | H25: 3.5 | I25: 10 | J25: 11 | K25: 9 | L25: 5 | M25: 7 | N25: 3.7 | O25: 3
A29: 占而不还
B30: 2943.8448 | C30: 3310.5735
A31: 2402 | D31: 3473
A32: 0 | B32: 1 | C32: 2 | D32: 3 | E32: 4 | F32: 4.5 | G32: 5 | H32: 5.5 | I32: 6 | J32: 7 | K32: 7.5 | L32: 8 | M32: 8.5
A33: 3 | B33: 3 | C33: 3 | D33: 4 | E33: 3 | F33: 4 | G33: 9 | H33: 13 | I33: 10 | J33: 9.5 | K33: 8 | L33: 5 | M33: 3.6
A37: 3 | B37: =AVERAGE(D18:K18) -> 5.1875 | C37: =AVERAGE(F25:O25) -> 5.94 | D37: =AVERAGE(D33:M33) -> 6.91
A38: 13

Sheet Sheet5
A1: 1 | B1: 1 | C1: 2 | D1: 3
A2: 2 | B2: 1 | C2: 3 | D2: 2
A3: 3 | B3: 2 | C3: 1 | D3: 3
A4: 4 | B4: 2 | C4: 3 | D4: 1
A5: 5 | B5: 3 | C5: 1 | D5: 2
A6: 6 | B6: 3 | C6: 2 | D6: 1
B12: 顺序记号

Sheet Sheet4
A1: 0 | B1: 1 | C1: 2 | D1: 3 | E1: 4
A2: 0 | B2: 621 | C2: 1193 | D2: 1795 | E2: 4500
A3: 0 | B3: 379 | C3: 1411 | D3: 2093 | E3: 4500
A4: 0 | B4: 621 | C4: 1193 | D4: 1795 | E4: 4500
A5: 0 | B5: 379 | C5: 1484 | D5: 2402 | E5: 4500
A6: 0 | B6: 509 | C6: 1263 | D6: 2732 | E6: 4500
A7: 0 | B7: 509 | C7: 1263 | D7: 2732 | E7: 4500
A8: 0 | B8: 379 | C8: 1484 | D8: 2402 | E8: 4500
A9: 0 | B9: 621 | C9: 1193 | D9: 1795 | E9: 4500
A10: 0 | B10: 509 | C10: 1263 | D10: 2732 | E10: 4500
A11: 0 | B11: 379 | C11: 1484 | D11: 2402 | E11: 4500
A12: 0 | B12: 621 | C12: 1193 | D12: 1795 | E12: 4500
... A65: 0 | B65: 509 | C65: 1263 | D65: 2732 | E65: 4500
